PRAGMA foreign_keys=OFF;
BEGIN TRANSACTION;
CREATE TABLE IF NOT EXISTS "migrations" ("id" integer primary key autoincrement not null, "migration" varchar not null, "batch" integer not null);
INSERT INTO migrations VALUES(1,'0001_01_01_000000_create_users_table',1);
INSERT INTO migrations VALUES(2,'0001_01_01_000001_create_cache_table',1);
INSERT INTO migrations VALUES(3,'0001_01_01_000002_create_jobs_table',1);
INSERT INTO migrations VALUES(4,'2026_03_16_092501_add_soft_deletes_to_users_table',1);
INSERT INTO migrations VALUES(5,'2026_03_16_092502_create_media_table',1);
INSERT INTO migrations VALUES(6,'2026_03_16_103633_create_seasons_table',1);
INSERT INTO migrations VALUES(7,'2026_03_16_103634_create_episodes_table',1);
INSERT INTO migrations VALUES(8,'2026_03_16_114111_add_trailer_url_to_seasons_table',1);
CREATE TABLE IF NOT EXISTS "users" ("id" integer primary key autoincrement not null, "name" varchar not null, "email" varchar not null, "email_verified_at" datetime, "password" varchar not null, "remember_token" varchar, "created_at" datetime, "updated_at" datetime, "deleted_at" datetime);
INSERT INTO users VALUES(1,'DIO','dio@example.com','2026-03-16 12:14:23','$2y$12$VW1j5tXY24a84a0nEwAYMOpmOzdZ/4vL31SJqDMdncSDYv1YX2JSa','ZR2zPuTio3','2026-03-16 12:14:24','2026-03-16 12:14:24',NULL);
CREATE TABLE IF NOT EXISTS "password_reset_tokens" ("email" varchar not null, "token" varchar not null, "created_at" datetime, primary key ("email"));
CREATE TABLE IF NOT EXISTS "sessions" ("id" varchar not null, "user_id" integer, "ip_address" varchar, "user_agent" text, "payload" text not null, "last_activity" integer not null, primary key ("id"));
CREATE TABLE IF NOT EXISTS "cache" ("key" varchar not null, "value" text not null, "expiration" integer not null, primary key ("key"));
CREATE TABLE IF NOT EXISTS "cache_locks" ("key" varchar not null, "owner" varchar not null, "expiration" integer not null, primary key ("key"));
CREATE TABLE IF NOT EXISTS "jobs" ("id" integer primary key autoincrement not null, "queue" varchar not null, "payload" text not null, "attempts" integer not null, "reserved_at" integer, "available_at" integer not null, "created_at" integer not null);
CREATE TABLE IF NOT EXISTS "job_batches" ("id" varchar not null, "name" varchar not null, "total_jobs" integer not null, "pending_jobs" integer not null, "failed_jobs" integer not null, "failed_job_ids" text not null, "options" text, "cancelled_at" integer, "created_at" integer not null, "finished_at" integer, primary key ("id"));
CREATE TABLE IF NOT EXISTS "failed_jobs" ("id" integer primary key autoincrement not null, "uuid" varchar not null, "connection" text not null, "queue" text not null, "payload" text not null, "exception" text not null, "failed_at" datetime not null default CURRENT_TIMESTAMP);
CREATE TABLE IF NOT EXISTS "media" ("id" integer primary key autoincrement not null, "mediable_type" varchar not null, "mediable_id" integer not null, "path" varchar not null, "created_at" datetime, "updated_at" datetime);
CREATE TABLE IF NOT EXISTS "seasons" ("id" integer primary key autoincrement not null, "title" varchar not null, "number" integer not null, "release_year" integer not null, "summary" text, "deleted_at" datetime, "created_at" datetime, "updated_at" datetime, "trailer_url" varchar);
INSERT INTO seasons VALUES(1,'Phantom Blood',1,2012,'In late 19th-century England, the young Jonathan Joestar meets his new adopted brother Dio Brando, who only wants to usurp Jonathan as heir to the Joestar family. When Dio''s attempts are thwarted, he uses an ancient Stone Mask that transforms him into a vampire.',NULL,'2026-03-16 12:14:24','2026-03-16 12:14:24','https://www.youtube.com/watch?v=m_vux8N_bdU');
INSERT INTO seasons VALUES(2,'Battle Tendency',2,2012,'In 1938 New York City, Jonathan''s grandson Joseph Joestar must master the power of Hamon to defeat the Pillar Men, ancient humanoid beings who created the Stone Mask.',NULL,'2026-03-16 12:14:24','2026-03-16 12:14:24','https://www.youtube.com/watch?v=m_vux8N_bdU');
INSERT INTO seasons VALUES(3,'Stardust Crusaders',3,2014,'Jotaro Kujo travels to Egypt to defeat the resurrected Dio and save his mother.',NULL,'2026-03-16 12:14:24','2026-03-16 12:14:24','https://www.youtube.com/watch?v=nS4ToRiZ2mQ');
INSERT INTO seasons VALUES(4,'Diamond Is Unbreakable',4,2016,'Josuke Higashikata protects the town of Morioh from a serial killer with a Stand.',NULL,'2026-03-16 12:14:24','2026-03-16 12:14:24','https://www.youtube.com/watch?v=Be6Go_PhX9E');
INSERT INTO seasons VALUES(5,'Golden Wind',5,2018,'Giorno Giovanna dreams of becoming a Gang-Star to clean up the Italian mafia.',NULL,'2026-03-16 12:14:24','2026-03-16 12:14:24','https://www.youtube.com/watch?v=M9G9ZOCNbNo');
INSERT INTO seasons VALUES(6,'Stone Ocean',6,2021,'Jolyne Cujoh is framed for a crime and must escape Green Dolphin Street Prison.',NULL,'2026-03-16 12:14:24','2026-03-16 12:14:24','https://www.youtube.com/watch?v=eeTGGVIsGIs');
CREATE TABLE IF NOT EXISTS "episodes" ("id" integer primary key autoincrement not null, "season_id" integer not null, "title" varchar not null, "episode_number" integer not null, "release_date" date not null, "imdb_score" numeric, "summary" text, "deleted_at" datetime, "created_at" datetime, "updated_at" datetime, foreign key("season_id") references "seasons"("id") on delete cascade);
INSERT INTO episodes VALUES(1,1,'Dio the Invader',1,'2012-10-06',7.599999999999999645,'A fated encounter in the history of the Joestars.',NULL,'2026-03-16 12:14:24','2026-03-16 12:14:24');
INSERT INTO episodes VALUES(2,1,'A Letter from the Past',2,'2012-10-13',7.900000000000000355,'A fated encounter in the history of the Joestars.',NULL,'2026-03-16 12:14:24','2026-03-16 12:14:24');
INSERT INTO episodes VALUES(3,1,'Youth with Dio',3,'2012-10-20',9.099999999999999645,'A fated encounter in the history of the Joestars.',NULL,'2026-03-16 12:14:24','2026-03-16 12:14:24');
INSERT INTO episodes VALUES(4,1,'Overdrive',4,'2012-10-27',9.40000000000000035,'A fated encounter in the history of the Joestars.',NULL,'2026-03-16 12:14:24','2026-03-16 12:14:24');
INSERT INTO episodes VALUES(5,1,'The Dark Knights',5,'2012-11-03',9.69999999999999928,'A fated encounter in the history of the Joestars.',NULL,'2026-03-16 12:14:24','2026-03-16 12:14:24');
INSERT INTO episodes VALUES(6,1,'Tomorrow''s Courage',6,'2012-11-10',8.900000000000000355,'A fated encounter in the history of the Joestars.',NULL,'2026-03-16 12:14:24','2026-03-16 12:14:24');
INSERT INTO episodes VALUES(7,1,'Sorrowful Successor',7,'2012-11-17',8.199999999999999289,'A fated encounter in the history of the Joestars.',NULL,'2026-03-16 12:14:24','2026-03-16 12:14:24');
INSERT INTO episodes VALUES(8,1,'Bloody Battle! JoJo & Dio',8,'2012-11-24',7.900000000000000355,'A fated encounter in the history of the Joestars.',NULL,'2026-03-16 12:14:24','2026-03-16 12:14:24');
INSERT INTO episodes VALUES(9,1,'The Final Ripple!',9,'2012-12-01',9.40000000000000035,'A fated encounter in the history of the Joestars.',NULL,'2026-03-16 12:14:24','2026-03-16 12:14:24');
INSERT INTO episodes VALUES(10,2,'New York''s JoJo',1,'2012-12-08',7.599999999999999645,'A fated encounter in the history of the Joestars.',NULL,'2026-03-16 12:14:24','2026-03-16 12:14:24');
INSERT INTO episodes VALUES(11,2,'The Game Master',2,'2012-12-15',9.59999999999999965,'A fated encounter in the history of the Joestars.',NULL,'2026-03-16 12:14:24','2026-03-16 12:14:24');
INSERT INTO episodes VALUES(12,2,'The Pillar Man',3,'2012-12-22',7.5,'A fated encounter in the history of the Joestars.',NULL,'2026-03-16 12:14:24','2026-03-16 12:14:24');
INSERT INTO episodes VALUES(13,2,'JoJo vs. the Ultimate Lifeform',4,'2013-01-05',8.800000000000000711,'A fated encounter in the history of the Joestars.',NULL,'2026-03-16 12:14:24','2026-03-16 12:14:24');
INSERT INTO episodes VALUES(14,2,'Ultimate Warriors from Ancient Times',5,'2013-01-12',7.900000000000000355,'A fated encounter in the history of the Joestars.',NULL,'2026-03-16 12:14:24','2026-03-16 12:14:24');
INSERT INTO episodes VALUES(15,2,'A Hero''s Proof',6,'2013-01-19',8,'A fated encounter in the history of the Joestars.',NULL,'2026-03-16 12:14:24','2026-03-16 12:14:24');
INSERT INTO episodes VALUES(16,2,'Lisa Lisa, Hamon Coach',7,'2013-01-26',8.5,'A fated encounter in the history of the Joestars.',NULL,'2026-03-16 12:14:24','2026-03-16 12:14:24');
INSERT INTO episodes VALUES(17,2,'The Deeper Plan',8,'2013-02-02',9.199999999999999289,'A fated encounter in the history of the Joestars.',NULL,'2026-03-16 12:14:24','2026-03-16 12:14:24');
INSERT INTO episodes VALUES(18,2,'Von Stroheim''s Revenge',9,'2013-02-09',9.30000000000000072,'A fated encounter in the history of the Joestars.',NULL,'2026-03-16 12:14:24','2026-03-16 12:14:24');
INSERT INTO episodes VALUES(19,2,'A Race Toward the Brink',10,'2013-02-16',8.5,'A fated encounter in the history of the Joestars.',NULL,'2026-03-16 12:14:24','2026-03-16 12:14:24');
INSERT INTO episodes VALUES(20,2,'Young Caesar',11,'2013-02-23',7.700000000000000177,'A fated encounter in the history of the Joestars.',NULL,'2026-03-16 12:14:24','2026-03-16 12:14:24');
INSERT INTO episodes VALUES(21,2,'A Hundred Against Two',12,'2013-03-02',8.099999999999999645,'A fated encounter in the history of the Joestars.',NULL,'2026-03-16 12:14:24','2026-03-16 12:14:24');
INSERT INTO episodes VALUES(22,2,'A True Warrior',13,'2013-03-09',7.5,'A fated encounter in the history of the Joestars.',NULL,'2026-03-16 12:14:24','2026-03-16 12:14:24');
INSERT INTO episodes VALUES(23,2,'The Warrior of Wind',14,'2013-03-16',8.400000000000000355,'A fated encounter in the history of the Joestars.',NULL,'2026-03-16 12:14:24','2026-03-16 12:14:24');
INSERT INTO episodes VALUES(24,2,'The Ties That Bind JoJo',15,'2013-03-23',9,'A fated encounter in the history of the Joestars.',NULL,'2026-03-16 12:14:24','2026-03-16 12:14:24');
INSERT INTO episodes VALUES(25,2,'The Birth of a Superbeing',16,'2013-03-30',8,'A fated encounter in the history of the Joestars.',NULL,'2026-03-16 12:14:24','2026-03-16 12:14:24');
INSERT INTO episodes VALUES(26,2,'The Ascendant One',17,'2013-04-06',9,'A fated encounter in the history of the Joestars.',NULL,'2026-03-16 12:14:24','2026-03-16 12:14:24');
INSERT INTO episodes VALUES(27,3,'The Man Possessed by an Evil Spirit',1,'2014-04-05',8.800000000000000711,'A fated encounter in the history of the Joestars.',NULL,'2026-03-16 12:14:24','2026-03-16 12:14:24');
INSERT INTO episodes VALUES(28,3,'Who Will Be the Judge!?',2,'2014-04-12',8.099999999999999645,'A fated encounter in the history of the Joestars.',NULL,'2026-03-16 12:14:24','2026-03-16 12:14:24');
INSERT INTO episodes VALUES(29,3,'The Curse of Dio',3,'2014-04-19',8.699999999999999289,'A fated encounter in the history of the Joestars.',NULL,'2026-03-16 12:14:24','2026-03-16 12:14:24');
INSERT INTO episodes VALUES(30,3,'Tower of Gray',4,'2014-04-26',7.599999999999999645,'A fated encounter in the history of the Joestars.',NULL,'2026-03-16 12:14:24','2026-03-16 12:14:24');
INSERT INTO episodes VALUES(31,3,'Silver Chariot',5,'2014-05-03',7.700000000000000177,'A fated encounter in the history of the Joestars.',NULL,'2026-03-16 12:14:24','2026-03-16 12:14:24');
INSERT INTO episodes VALUES(32,3,'Dark Blue Moon',6,'2014-05-10',9.199999999999999289,'A fated encounter in the history of the Joestars.',NULL,'2026-03-16 12:14:24','2026-03-16 12:14:24');
INSERT INTO episodes VALUES(33,3,'Strength',7,'2014-05-17',9.199999999999999289,'A fated encounter in the history of the Joestars.',NULL,'2026-03-16 12:14:24','2026-03-16 12:14:24');
INSERT INTO episodes VALUES(34,3,'The Devil',8,'2014-05-24',8.300000000000000711,'A fated encounter in the history of the Joestars.',NULL,'2026-03-16 12:14:24','2026-03-16 12:14:24');
INSERT INTO episodes VALUES(35,3,'Yellow Temperance',9,'2014-05-31',8.300000000000000711,'A fated encounter in the history of the Joestars.',NULL,'2026-03-16 12:14:24','2026-03-16 12:14:24');
INSERT INTO episodes VALUES(36,3,'The Emperor and the Hanged Man, Part 1',10,'2014-06-07',7.900000000000000355,'A fated encounter in the history of the Joestars.',NULL,'2026-03-16 12:14:24','2026-03-16 12:14:24');
INSERT INTO episodes VALUES(37,3,'The Emperor and the Hanged Man, Part 2',11,'2014-06-14',9.099999999999999645,'A fated encounter in the history of the Joestars.',NULL,'2026-03-16 12:14:24','2026-03-16 12:14:24');
INSERT INTO episodes VALUES(38,3,'The Empress',12,'2014-06-21',8.199999999999999289,'A fated encounter in the history of the Joestars.',NULL,'2026-03-16 12:14:24','2026-03-16 12:14:24');
INSERT INTO episodes VALUES(39,3,'Wheel of Fortune',13,'2014-06-28',9,'A fated encounter in the history of the Joestars.',NULL,'2026-03-16 12:14:24','2026-03-16 12:14:24');
INSERT INTO episodes VALUES(40,3,'Justice, Part 1',14,'2014-07-05',8.900000000000000355,'A fated encounter in the history of the Joestars.',NULL,'2026-03-16 12:14:24','2026-03-16 12:14:24');
INSERT INTO episodes VALUES(41,3,'Justice, Part 2',15,'2014-07-12',9.30000000000000072,'A fated encounter in the history of the Joestars.',NULL,'2026-03-16 12:14:24','2026-03-16 12:14:24');
INSERT INTO episodes VALUES(42,3,'The Lovers, Part 1',16,'2014-07-19',7.599999999999999645,'A fated encounter in the history of the Joestars.',NULL,'2026-03-16 12:14:24','2026-03-16 12:14:24');
INSERT INTO episodes VALUES(43,3,'The Lovers, Part 2',17,'2014-07-26',9.59999999999999965,'A fated encounter in the history of the Joestars.',NULL,'2026-03-16 12:14:24','2026-03-16 12:14:24');
INSERT INTO episodes VALUES(44,3,'The Sun',18,'2014-08-02',8.800000000000000711,'A fated encounter in the history of the Joestars.',NULL,'2026-03-16 12:14:24','2026-03-16 12:14:24');
INSERT INTO episodes VALUES(45,3,'Death 13, Part 1',19,'2014-08-09',8.400000000000000355,'A fated encounter in the history of the Joestars.',NULL,'2026-03-16 12:14:24','2026-03-16 12:14:24');
INSERT INTO episodes VALUES(46,3,'Death 13, Part 2',20,'2014-08-16',8.900000000000000355,'A fated encounter in the history of the Joestars.',NULL,'2026-03-16 12:14:24','2026-03-16 12:14:24');
INSERT INTO episodes VALUES(47,3,'Judgement, Part 1',21,'2014-08-23',9.59999999999999965,'A fated encounter in the history of the Joestars.',NULL,'2026-03-16 12:14:24','2026-03-16 12:14:24');
INSERT INTO episodes VALUES(48,3,'Judgement, Part 2',22,'2014-08-30',9.5,'A fated encounter in the history of the Joestars.',NULL,'2026-03-16 12:14:24','2026-03-16 12:14:24');
INSERT INTO episodes VALUES(49,3,'High Priestess, Part 1',23,'2014-09-06',9.80000000000000072,'A fated encounter in the history of the Joestars.',NULL,'2026-03-16 12:14:24','2026-03-16 12:14:24');
INSERT INTO episodes VALUES(50,3,'High Priestess, Part 2',24,'2014-09-13',7.599999999999999645,'A fated encounter in the history of the Joestars.',NULL,'2026-03-16 12:14:24','2026-03-16 12:14:24');
INSERT INTO episodes VALUES(51,3,'Iggy the Fool and Geb''s N''Doul, Part 1',25,'2015-01-10',8.599999999999999645,'A fated encounter in the history of the Joestars.',NULL,'2026-03-16 12:14:24','2026-03-16 12:14:24');
INSERT INTO episodes VALUES(52,3,'Iggy the Fool and Geb''s N''Doul, Part 2',26,'2015-01-17',9.69999999999999928,'A fated encounter in the history of the Joestars.',NULL,'2026-03-16 12:14:24','2026-03-16 12:14:24');
INSERT INTO episodes VALUES(53,3,'Khnum''s Oingo and Thoth''s Boingo',27,'2015-01-24',9.30000000000000072,'A fated encounter in the history of the Joestars.',NULL,'2026-03-16 12:14:24','2026-03-16 12:14:24');
INSERT INTO episodes VALUES(54,3,'Anubis, Part 1',28,'2015-01-31',7.900000000000000355,'A fated encounter in the history of the Joestars.',NULL,'2026-03-16 12:14:24','2026-03-16 12:14:24');
INSERT INTO episodes VALUES(55,3,'Anubis, Part 2',29,'2015-02-07',8.5,'A fated encounter in the history of the Joestars.',NULL,'2026-03-16 12:14:24','2026-03-16 12:14:24');
INSERT INTO episodes VALUES(56,3,'Bastet''s Mariah, Part 1',30,'2015-02-14',7.5,'A fated encounter in the history of the Joestars.',NULL,'2026-03-16 12:14:24','2026-03-16 12:14:24');
INSERT INTO episodes VALUES(57,3,'Bastet''s Mariah, Part 2',31,'2015-02-21',7.900000000000000355,'A fated encounter in the history of the Joestars.',NULL,'2026-03-16 12:14:24','2026-03-16 12:14:24');
INSERT INTO episodes VALUES(58,3,'Set''s Alessi, Part 1',32,'2015-02-28',8.199999999999999289,'A fated encounter in the history of the Joestars.',NULL,'2026-03-16 12:14:24','2026-03-16 12:14:24');
INSERT INTO episodes VALUES(59,3,'Set''s Alessi, Part 2',33,'2015-03-07',9.5,'A fated encounter in the history of the Joestars.',NULL,'2026-03-16 12:14:24','2026-03-16 12:14:24');
INSERT INTO episodes VALUES(60,3,'D''Arby the Gambler, Part 1',34,'2015-03-14',8.599999999999999645,'A fated encounter in the history of the Joestars.',NULL,'2026-03-16 12:14:24','2026-03-16 12:14:24');
INSERT INTO episodes VALUES(61,3,'D''Arby the Gambler, Part 2',35,'2015-03-21',8.199999999999999289,'A fated encounter in the history of the Joestars.',NULL,'2026-03-16 12:14:24','2026-03-16 12:14:24');
INSERT INTO episodes VALUES(62,3,'Hol Horse and Boingo, Part 1',36,'2015-03-28',8.199999999999999289,'A fated encounter in the history of the Joestars.',NULL,'2026-03-16 12:14:24','2026-03-16 12:14:24');
INSERT INTO episodes VALUES(63,3,'Hol Horse and Boingo, Part 2',37,'2015-04-04',9.199999999999999289,'A fated encounter in the history of the Joestars.',NULL,'2026-03-16 12:14:24','2026-03-16 12:14:24');
INSERT INTO episodes VALUES(64,3,'The Guardian of Hell, Pet Shop, Part 1',38,'2015-04-11',8.900000000000000355,'A fated encounter in the history of the Joestars.',NULL,'2026-03-16 12:14:24','2026-03-16 12:14:24');
INSERT INTO episodes VALUES(65,3,'The Guardian of Hell, Pet Shop, Part 2',39,'2015-04-18',7.799999999999999823,'A fated encounter in the history of the Joestars.',NULL,'2026-03-16 12:14:24','2026-03-16 12:14:24');
INSERT INTO episodes VALUES(66,3,'D''Arby the Player, Part 1',40,'2015-04-25',9.30000000000000072,'A fated encounter in the history of the Joestars.',NULL,'2026-03-16 12:14:24','2026-03-16 12:14:24');
INSERT INTO episodes VALUES(67,3,'D''Arby the Player, Part 2',41,'2015-05-02',9.199999999999999289,'A fated encounter in the history of the Joestars.',NULL,'2026-03-16 12:14:24','2026-03-16 12:14:24');
INSERT INTO episodes VALUES(68,3,'The Miasma of the Void, Vanilla Ice, Part 1',42,'2015-05-09',9.30000000000000072,'A fated encounter in the history of the Joestars.',NULL,'2026-03-16 12:14:24','2026-03-16 12:14:24');
INSERT INTO episodes VALUES(69,3,'The Miasma of the Void, Vanilla Ice, Part 2',43,'2015-05-16',8.699999999999999289,'A fated encounter in the history of the Joestars.',NULL,'2026-03-16 12:14:24','2026-03-16 12:14:24');
INSERT INTO episodes VALUES(70,3,'The Miasma of the Void, Vanilla Ice, Part 3',44,'2015-05-23',7.799999999999999823,'A fated encounter in the history of the Joestars.',NULL,'2026-03-16 12:14:24','2026-03-16 12:14:24');
INSERT INTO episodes VALUES(71,3,'Dio''s World, Part 1',45,'2015-05-30',8.099999999999999645,'A fated encounter in the history of the Joestars.',NULL,'2026-03-16 12:14:24','2026-03-16 12:14:24');
INSERT INTO episodes VALUES(72,3,'Dio''s World, Part 2',46,'2015-06-06',8,'A fated encounter in the history of the Joestars.',NULL,'2026-03-16 12:14:24','2026-03-16 12:14:24');
INSERT INTO episodes VALUES(73,3,'Dio''s World, Part 3',47,'2015-06-13',8.699999999999999289,'A fated encounter in the history of the Joestars.',NULL,'2026-03-16 12:14:24','2026-03-16 12:14:24');
INSERT INTO episodes VALUES(74,3,'Long Journey Farewell, My Friends',48,'2015-06-20',7.900000000000000355,'A fated encounter in the history of the Joestars.',NULL,'2026-03-16 12:14:24','2026-03-16 12:14:24');
INSERT INTO episodes VALUES(75,4,'Jotaro Kujo! Meets Josuke Higashikata',1,'2016-04-02',8.099999999999999645,'A fated encounter in the history of the Joestars.',NULL,'2026-03-16 12:14:24','2026-03-16 12:14:24');
INSERT INTO episodes VALUES(76,4,'Josuke Higashikata! Meets Angelo',2,'2016-04-09',7.5,'A fated encounter in the history of the Joestars.',NULL,'2026-03-16 12:14:24','2026-03-16 12:14:24');
INSERT INTO episodes VALUES(77,4,'The Nijimura Brothers, Part 1',3,'2016-04-16',9,'A fated encounter in the history of the Joestars.',NULL,'2026-03-16 12:14:24','2026-03-16 12:14:24');
INSERT INTO episodes VALUES(78,4,'The Nijimura Brothers, Part 2',4,'2016-04-23',8.099999999999999645,'A fated encounter in the history of the Joestars.',NULL,'2026-03-16 12:14:24','2026-03-16 12:14:24');
INSERT INTO episodes VALUES(79,4,'The Nijimura Brothers, Part 3',5,'2016-04-30',9.099999999999999645,'A fated encounter in the history of the Joestars.',NULL,'2026-03-16 12:14:24','2026-03-16 12:14:24');
INSERT INTO episodes VALUES(80,4,'Koichi Hirose (Echoes)',6,'2016-05-07',8.800000000000000711,'A fated encounter in the history of the Joestars.',NULL,'2026-03-16 12:14:24','2026-03-16 12:14:24');
INSERT INTO episodes VALUES(81,4,'Toshikazu Hazamada (Surface)',7,'2016-05-14',8.300000000000000711,'A fated encounter in the history of the Joestars.',NULL,'2026-03-16 12:14:24','2026-03-16 12:14:24');
INSERT INTO episodes VALUES(82,4,'Yukako Yamagishi Falls in Love, Part 1',8,'2016-05-21',9.69999999999999928,'A fated encounter in the history of the Joestars.',NULL,'2026-03-16 12:14:24','2026-03-16 12:14:24');
INSERT INTO episodes VALUES(83,4,'Yukako Yamagishi Falls in Love, Part 2',9,'2016-05-28',8.400000000000000355,'A fated encounter in the history of the Joestars.',NULL,'2026-03-16 12:14:24','2026-03-16 12:14:24');
INSERT INTO episodes VALUES(84,4,'Let''s Go Eat Some Italian Food',10,'2016-06-04',8.099999999999999645,'A fated encounter in the history of the Joestars.',NULL,'2026-03-16 12:14:24','2026-03-16 12:14:24');
INSERT INTO episodes VALUES(85,4,'Red Hot Chili Pepper, Part 1',11,'2016-06-11',9.40000000000000035,'A fated encounter in the history of the Joestars.',NULL,'2026-03-16 12:14:24','2026-03-16 12:14:24');
INSERT INTO episodes VALUES(86,4,'Red Hot Chili Pepper, Part 2',12,'2016-06-18',8.199999999999999289,'A fated encounter in the history of the Joestars.',NULL,'2026-03-16 12:14:24','2026-03-16 12:14:24');
INSERT INTO episodes VALUES(87,4,'We Picked Up Something Crazy!',13,'2016-06-25',7.700000000000000177,'A fated encounter in the history of the Joestars.',NULL,'2026-03-16 12:14:24','2026-03-16 12:14:24');
INSERT INTO episodes VALUES(88,4,'Let''s Go to the Manga Artist''s House, Part 1',14,'2016-07-02',8.800000000000000711,'A fated encounter in the history of the Joestars.',NULL,'2026-03-16 12:14:24','2026-03-16 12:14:24');
INSERT INTO episodes VALUES(89,4,'Let''s Go to the Manga Artist''s House, Part 2',15,'2016-07-09',8.900000000000000355,'A fated encounter in the history of the Joestars.',NULL,'2026-03-16 12:14:24','2026-03-16 12:14:24');
INSERT INTO episodes VALUES(90,4,'Let''s Go Hunting!',16,'2016-07-16',8.099999999999999645,'A fated encounter in the history of the Joestars.',NULL,'2026-03-16 12:14:24','2026-03-16 12:14:24');
INSERT INTO episodes VALUES(91,4,'Rohan Kishibe''s Adventure',17,'2016-07-23',8,'A fated encounter in the history of the Joestars.',NULL,'2026-03-16 12:14:24','2026-03-16 12:14:24');
INSERT INTO episodes VALUES(92,4,'Shigechi''s Harvest, Part 1',18,'2016-07-30',8.699999999999999289,'A fated encounter in the history of the Joestars.',NULL,'2026-03-16 12:14:24','2026-03-16 12:14:24');
INSERT INTO episodes VALUES(93,4,'Shigechi''s Harvest, Part 2',19,'2016-08-06',9.30000000000000072,'A fated encounter in the history of the Joestars.',NULL,'2026-03-16 12:14:24','2026-03-16 12:14:24');
INSERT INTO episodes VALUES(94,4,'Yukako Yamagishi Dreams of Cinderella',20,'2016-08-13',9.5,'A fated encounter in the history of the Joestars.',NULL,'2026-03-16 12:14:24','2026-03-16 12:14:24');
INSERT INTO episodes VALUES(95,4,'Yoshikage Kira Just Wants to Live Quietly, Part 1',21,'2016-08-20',7.900000000000000355,'A fated encounter in the history of the Joestars.',NULL,'2026-03-16 12:14:24','2026-03-16 12:14:24');
INSERT INTO episodes VALUES(96,4,'Yoshikage Kira Just Wants to Live Quietly, Part 2',22,'2016-08-27',8.699999999999999289,'A fated encounter in the history of the Joestars.',NULL,'2026-03-16 12:14:24','2026-03-16 12:14:24');
INSERT INTO episodes VALUES(97,4,'Sheer Heart Attack, Part 1',23,'2016-09-03',8,'A fated encounter in the history of the Joestars.',NULL,'2026-03-16 12:14:24','2026-03-16 12:14:24');
INSERT INTO episodes VALUES(98,4,'Sheer Heart Attack, Part 2',24,'2016-09-10',7.900000000000000355,'A fated encounter in the history of the Joestars.',NULL,'2026-03-16 12:14:24','2026-03-16 12:14:24');
INSERT INTO episodes VALUES(99,4,'Atom Heart Father',25,'2016-09-17',9.80000000000000072,'A fated encounter in the history of the Joestars.',NULL,'2026-03-16 12:14:24','2026-03-16 12:14:24');
INSERT INTO episodes VALUES(100,4,'Janken Boy Is Coming!',26,'2016-09-24',9.59999999999999965,'A fated encounter in the history of the Joestars.',NULL,'2026-03-16 12:14:24','2026-03-16 12:14:24');
INSERT INTO episodes VALUES(101,4,'I''m an Alien',27,'2016-10-01',8.099999999999999645,'A fated encounter in the history of the Joestars.',NULL,'2026-03-16 12:14:24','2026-03-16 12:14:24');
INSERT INTO episodes VALUES(102,4,'Highway Star, Part 1',28,'2016-10-08',9.69999999999999928,'A fated encounter in the history of the Joestars.',NULL,'2026-03-16 12:14:24','2026-03-16 12:14:24');
INSERT INTO episodes VALUES(103,4,'Highway Star, Part 2',29,'2016-10-15',8.5,'A fated encounter in the history of the Joestars.',NULL,'2026-03-16 12:14:24','2026-03-16 12:14:24');
INSERT INTO episodes VALUES(104,4,'Cats Love Yoshikage Kira',30,'2016-10-22',9.5,'A fated encounter in the history of the Joestars.',NULL,'2026-03-16 12:14:24','2026-03-16 12:14:24');
INSERT INTO episodes VALUES(105,4,'July 15th (Thurs), Part 1',31,'2016-10-29',8.300000000000000711,'A fated encounter in the history of the Joestars.',NULL,'2026-03-16 12:14:24','2026-03-16 12:14:24');
INSERT INTO episodes VALUES(106,4,'July 15th (Thurs), Part 2',32,'2016-11-05',8.599999999999999645,'A fated encounter in the history of the Joestars.',NULL,'2026-03-16 12:14:24','2026-03-16 12:14:24');
INSERT INTO episodes VALUES(107,4,'July 15th (Thurs), Part 3',33,'2016-11-12',8.400000000000000355,'A fated encounter in the history of the Joestars.',NULL,'2026-03-16 12:14:24','2026-03-16 12:14:24');
INSERT INTO episodes VALUES(108,4,'July 15th (Thurs), Part 4',34,'2016-11-19',8.300000000000000711,'A fated encounter in the history of the Joestars.',NULL,'2026-03-16 12:14:24','2026-03-16 12:14:24');
INSERT INTO episodes VALUES(109,4,'Another One Bites the Dust, Part 1',35,'2016-11-26',8.900000000000000355,'A fated encounter in the history of the Joestars.',NULL,'2026-03-16 12:14:24','2026-03-16 12:14:24');
INSERT INTO episodes VALUES(110,4,'Another One Bites the Dust, Part 2',36,'2016-12-03',8.800000000000000711,'A fated encounter in the history of the Joestars.',NULL,'2026-03-16 12:14:24','2026-03-16 12:14:24');
INSERT INTO episodes VALUES(111,4,'Crazy D (Diamond) is Unbreakable, Part 1',37,'2016-12-10',9.5,'A fated encounter in the history of the Joestars.',NULL,'2026-03-16 12:14:24','2026-03-16 12:14:24');
INSERT INTO episodes VALUES(112,4,'Crazy D (Diamond) is Unbreakable, Part 2',38,'2016-12-17',8.099999999999999645,'A fated encounter in the history of the Joestars.',NULL,'2026-03-16 12:14:24','2026-03-16 12:14:24');
INSERT INTO episodes VALUES(113,4,'Goodbye, Morioh - The Heart of Gold',39,'2016-12-24',9.40000000000000035,'A fated encounter in the history of the Joestars.',NULL,'2026-03-16 12:14:24','2026-03-16 12:14:24');
INSERT INTO episodes VALUES(114,5,'Gold Experience',1,'2018-10-06',8.900000000000000355,'A fated encounter in the history of the Joestars.',NULL,'2026-03-16 12:14:24','2026-03-16 12:14:24');
INSERT INTO episodes VALUES(115,5,'Bucciarati Is Coming',2,'2018-10-13',9.099999999999999645,'A fated encounter in the history of the Joestars.',NULL,'2026-03-16 12:14:24','2026-03-16 12:14:24');
INSERT INTO episodes VALUES(116,5,'Meet the Gangster Behind the Wall',3,'2018-10-20',8.800000000000000711,'A fated encounter in the history of the Joestars.',NULL,'2026-03-16 12:14:24','2026-03-16 12:14:24');
INSERT INTO episodes VALUES(117,5,'Joining the Gang',4,'2018-10-27',8.300000000000000711,'A fated encounter in the history of the Joestars.',NULL,'2026-03-16 12:14:24','2026-03-16 12:14:24');
INSERT INTO episodes VALUES(118,5,'Find Polpo''s Fortune!',5,'2018-11-03',9,'A fated encounter in the history of the Joestars.',NULL,'2026-03-16 12:14:24','2026-03-16 12:14:24');
INSERT INTO episodes VALUES(119,5,'Moody Blues'' Counterattack',6,'2018-11-10',8.599999999999999645,'A fated encounter in the history of the Joestars.',NULL,'2026-03-16 12:14:24','2026-03-16 12:14:24');
INSERT INTO episodes VALUES(120,5,'Sex Pistols Appears, Part 1',7,'2018-11-17',8.599999999999999645,'A fated encounter in the history of the Joestars.',NULL,'2026-03-16 12:14:24','2026-03-16 12:14:24');
INSERT INTO episodes VALUES(121,5,'Sex Pistols Appears, Part 2',8,'2018-11-24',9.80000000000000072,'A fated encounter in the history of the Joestars.',NULL,'2026-03-16 12:14:24','2026-03-16 12:14:24');
INSERT INTO episodes VALUES(122,5,'The First Mission from the Boss',9,'2018-12-01',8.199999999999999289,'A fated encounter in the history of the Joestars.',NULL,'2026-03-16 12:14:24','2026-03-16 12:14:24');
INSERT INTO episodes VALUES(123,5,'Hitman Team',10,'2018-12-08',8.400000000000000355,'A fated encounter in the history of the Joestars.',NULL,'2026-03-16 12:14:24','2026-03-16 12:14:24');
INSERT INTO episodes VALUES(124,5,'Narancia''s Aerosmith',11,'2018-12-15',8.099999999999999645,'A fated encounter in the history of the Joestars.',NULL,'2026-03-16 12:14:24','2026-03-16 12:14:24');
INSERT INTO episodes VALUES(125,5,'The Second Mission from the Boss',12,'2018-12-22',8.300000000000000711,'A fated encounter in the history of the Joestars.',NULL,'2026-03-16 12:14:24','2026-03-16 12:14:24');
INSERT INTO episodes VALUES(126,5,'Man in the Mirror and Purple Haze',13,'2018-12-29',7.700000000000000177,'A fated encounter in the history of the Joestars.',NULL,'2026-03-16 12:14:24','2026-03-16 12:14:24');
INSERT INTO episodes VALUES(127,5,'Express Train to Florence',14,'2019-01-12',9.40000000000000035,'A fated encounter in the history of the Joestars.',NULL,'2026-03-16 12:14:24','2026-03-16 12:14:24');
INSERT INTO episodes VALUES(128,5,'The Grateful Dead, Part 1',15,'2019-01-19',7.700000000000000177,'A fated encounter in the history of the Joestars.',NULL,'2026-03-16 12:14:24','2026-03-16 12:14:24');
INSERT INTO episodes VALUES(129,5,'The Grateful Dead, Part 2',16,'2019-01-26',7.700000000000000177,'A fated encounter in the history of the Joestars.',NULL,'2026-03-16 12:14:24','2026-03-16 12:14:24');
INSERT INTO episodes VALUES(130,5,'Baby Face',17,'2019-02-02',9.69999999999999928,'A fated encounter in the history of the Joestars.',NULL,'2026-03-16 12:14:24','2026-03-16 12:14:24');
INSERT INTO episodes VALUES(131,5,'Head to Venice!',18,'2019-02-09',9.40000000000000035,'A fated encounter in the history of the Joestars.',NULL,'2026-03-16 12:14:24','2026-03-16 12:14:24');
INSERT INTO episodes VALUES(132,5,'White Album',19,'2019-02-16',7.900000000000000355,'A fated encounter in the history of the Joestars.',NULL,'2026-03-16 12:14:24','2026-03-16 12:14:24');
INSERT INTO episodes VALUES(133,5,'The Final Mission from the Boss',20,'2019-02-23',7.599999999999999645,'A fated encounter in the history of the Joestars.',NULL,'2026-03-16 12:14:24','2026-03-16 12:14:24');
INSERT INTO episodes VALUES(134,5,'The Mystery of King Crimson',21,'2019-03-02',7.799999999999999823,'A fated encounter in the history of the Joestars.',NULL,'2026-03-16 12:14:24','2026-03-16 12:14:24');
INSERT INTO episodes VALUES(135,5,'The ''G'' in Guts',22,'2019-03-16',9.80000000000000072,'A fated encounter in the history of the Joestars.',NULL,'2026-03-16 12:14:24','2026-03-16 12:14:24');
INSERT INTO episodes VALUES(136,5,'Clash and Talking Head',23,'2019-03-23',9.099999999999999645,'A fated encounter in the history of the Joestars.',NULL,'2026-03-16 12:14:24','2026-03-16 12:14:24');
INSERT INTO episodes VALUES(137,5,'Notorious B.I.G',24,'2019-03-30',8.599999999999999645,'A fated encounter in the history of the Joestars.',NULL,'2026-03-16 12:14:24','2026-03-16 12:14:24');
INSERT INTO episodes VALUES(138,5,'Spice Girl',25,'2019-04-06',9.40000000000000035,'A fated encounter in the history of the Joestars.',NULL,'2026-03-16 12:14:24','2026-03-16 12:14:24');
INSERT INTO episodes VALUES(139,5,'A Little Story From The Past ~My Name Is Doppio~',26,'2019-04-13',9.69999999999999928,'A fated encounter in the history of the Joestars.',NULL,'2026-03-16 12:14:24','2026-03-16 12:14:24');
INSERT INTO episodes VALUES(140,5,'King Crimson vs. Metallica',27,'2019-04-20',8.599999999999999645,'A fated encounter in the history of the Joestars.',NULL,'2026-03-16 12:14:24','2026-03-16 12:14:24');
INSERT INTO episodes VALUES(141,5,'Beneath a Sky on the Verge of Falling',28,'2019-04-27',7.700000000000000177,'A fated encounter in the history of the Joestars.',NULL,'2026-03-16 12:14:24','2026-03-16 12:14:24');
INSERT INTO episodes VALUES(142,5,'Get to the Roman Colosseum!',29,'2019-05-11',9.80000000000000072,'A fated encounter in the history of the Joestars.',NULL,'2026-03-16 12:14:24','2026-03-16 12:14:24');
INSERT INTO episodes VALUES(143,5,'Green Day and Oasis, Part 1',30,'2019-05-18',8.5,'A fated encounter in the history of the Joestars.',NULL,'2026-03-16 12:14:24','2026-03-16 12:14:24');
INSERT INTO episodes VALUES(144,5,'Green Day and Oasis, Part 2',31,'2019-05-25',9.30000000000000072,'A fated encounter in the history of the Joestars.',NULL,'2026-03-16 12:14:24','2026-03-16 12:14:24');
INSERT INTO episodes VALUES(145,5,'Green Day and Oasis, Part 3',32,'2019-06-01',8.699999999999999289,'A fated encounter in the history of the Joestars.',NULL,'2026-03-16 12:14:24','2026-03-16 12:14:24');
INSERT INTO episodes VALUES(146,5,'His Name Is Diavolo',33,'2019-06-08',8.199999999999999289,'A fated encounter in the history of the Joestars.',NULL,'2026-03-16 12:14:24','2026-03-16 12:14:24');
INSERT INTO episodes VALUES(147,5,'The Requiem Quietly Plays, Part 1',34,'2019-06-15',8.5,'A fated encounter in the history of the Joestars.',NULL,'2026-03-16 12:14:24','2026-03-16 12:14:24');
INSERT INTO episodes VALUES(148,5,'The Requiem Quietly Plays, Part 2',35,'2019-06-22',9.099999999999999645,'A fated encounter in the history of the Joestars.',NULL,'2026-03-16 12:14:24','2026-03-16 12:14:24');
INSERT INTO episodes VALUES(149,5,'Diavolo Surfaces',36,'2019-06-29',9,'A fated encounter in the history of the Joestars.',NULL,'2026-03-16 12:14:24','2026-03-16 12:14:24');
INSERT INTO episodes VALUES(150,5,'King of Kings',37,'2019-07-06',7.599999999999999645,'A fated encounter in the history of the Joestars.',NULL,'2026-03-16 12:14:24','2026-03-16 12:14:24');
INSERT INTO episodes VALUES(151,5,'Gold Experience Requiem',38,'2019-07-28',8.300000000000000711,'A fated encounter in the history of the Joestars.',NULL,'2026-03-16 12:14:24','2026-03-16 12:14:24');
INSERT INTO episodes VALUES(152,5,'The Sleeping Slave',39,'2019-07-28',8.699999999999999289,'A fated encounter in the history of the Joestars.',NULL,'2026-03-16 12:14:24','2026-03-16 12:14:24');
INSERT INTO episodes VALUES(153,6,'Stone Ocean',1,'2021-12-01',7.799999999999999823,'A fated encounter in the history of the Joestars.',NULL,'2026-03-16 12:14:24','2026-03-16 12:14:24');
INSERT INTO episodes VALUES(154,6,'Stone Free',2,'2021-12-01',7.5,'A fated encounter in the history of the Joestars.',NULL,'2026-03-16 12:14:24','2026-03-16 12:14:24');
INSERT INTO episodes VALUES(155,6,'The Visitor (1)',3,'2021-12-01',8.5,'A fated encounter in the history of the Joestars.',NULL,'2026-03-16 12:14:24','2026-03-16 12:14:24');
INSERT INTO episodes VALUES(156,6,'The Visitor (2)',4,'2021-12-01',9.30000000000000072,'A fated encounter in the history of the Joestars.',NULL,'2026-03-16 12:14:24','2026-03-16 12:14:24');
INSERT INTO episodes VALUES(157,6,'Prisoner of Love',5,'2021-12-01',9,'A fated encounter in the history of the Joestars.',NULL,'2026-03-16 12:14:24','2026-03-16 12:14:24');
INSERT INTO episodes VALUES(158,6,'Ermes''s Stickers',6,'2021-12-01',8.300000000000000711,'A fated encounter in the history of the Joestars.',NULL,'2026-03-16 12:14:24','2026-03-16 12:14:24');
INSERT INTO episodes VALUES(159,6,'There''s Six of Us!',7,'2021-12-01',9.59999999999999965,'A fated encounter in the history of the Joestars.',NULL,'2026-03-16 12:14:24','2026-03-16 12:14:24');
INSERT INTO episodes VALUES(160,6,'Foo Fighters',8,'2021-12-01',9,'A fated encounter in the history of the Joestars.',NULL,'2026-03-16 12:14:24','2026-03-16 12:14:24');
INSERT INTO episodes VALUES(161,6,'Debt Collector Marilyn Manson',9,'2021-12-01',7.599999999999999645,'A fated encounter in the history of the Joestars.',NULL,'2026-03-16 12:14:24','2026-03-16 12:14:24');
INSERT INTO episodes VALUES(162,6,'Operation Savage Garden (Head to the Courtyard!) (1)',10,'2021-12-01',7.5,'A fated encounter in the history of the Joestars.',NULL,'2026-03-16 12:14:24','2026-03-16 12:14:24');
INSERT INTO episodes VALUES(163,6,'Operation Savage Garden (Head to the Courtyard!) (2)',11,'2021-12-01',8.300000000000000711,'A fated encounter in the history of the Joestars.',NULL,'2026-03-16 12:14:24','2026-03-16 12:14:24');
INSERT INTO episodes VALUES(164,6,'Torrential Downpour Warning',12,'2021-12-01',8.900000000000000355,'A fated encounter in the history of the Joestars.',NULL,'2026-03-16 12:14:24','2026-03-16 12:14:24');
INSERT INTO episodes VALUES(165,6,'Kiss of Love and Revenge (1)',13,'2022-09-01',7.700000000000000177,'A fated encounter in the history of the Joestars.',NULL,'2026-03-16 12:14:24','2026-03-16 12:14:24');
INSERT INTO episodes VALUES(166,6,'Kiss of Love and Revenge (2)',14,'2022-09-01',8.800000000000000711,'A fated encounter in the history of the Joestars.',NULL,'2026-03-16 12:14:24','2026-03-16 12:14:24');
INSERT INTO episodes VALUES(167,6,'Ultra Security House Unit',15,'2022-09-01',7.799999999999999823,'A fated encounter in the history of the Joestars.',NULL,'2026-03-16 12:14:24','2026-03-16 12:14:24');
INSERT INTO episodes VALUES(168,6,'The Secret of Guard Westwood',16,'2022-09-01',8.300000000000000711,'A fated encounter in the history of the Joestars.',NULL,'2026-03-16 12:14:24','2026-03-16 12:14:24');
INSERT INTO episodes VALUES(169,6,'Enter the Dragon''s Dream',17,'2022-09-01',9.5,'A fated encounter in the history of the Joestars.',NULL,'2026-03-16 12:14:24','2026-03-16 12:14:24');
INSERT INTO episodes VALUES(170,6,'Enter the Foo Fighters',18,'2022-09-01',8.699999999999999289,'A fated encounter in the history of the Joestars.',NULL,'2026-03-16 12:14:24','2026-03-16 12:14:24');
INSERT INTO episodes VALUES(171,6,'Birth of the ''Green''',19,'2022-09-01',9.69999999999999928,'A fated encounter in the history of the Joestars.',NULL,'2026-03-16 12:14:24','2026-03-16 12:14:24');
INSERT INTO episodes VALUES(172,6,'F.F. – The Witness',20,'2022-09-01',8.300000000000000711,'A fated encounter in the history of the Joestars.',NULL,'2026-03-16 12:14:24','2026-03-16 12:14:24');
INSERT INTO episodes VALUES(173,6,'Awaken',21,'2022-09-01',7.900000000000000355,'A fated encounter in the history of the Joestars.',NULL,'2026-03-16 12:14:24','2026-03-16 12:14:24');
INSERT INTO episodes VALUES(174,6,'Time for Heaven! New Moon! New Priest!',22,'2022-09-01',9.30000000000000072,'A fated encounter in the history of the Joestars.',NULL,'2026-03-16 12:14:24','2026-03-16 12:14:24');
INSERT INTO episodes VALUES(175,6,'Jail House Lock!',23,'2022-09-01',9.40000000000000035,'A fated encounter in the history of the Joestars.',NULL,'2026-03-16 12:14:24','2026-03-16 12:14:24');
INSERT INTO episodes VALUES(176,6,'Jailbreak...',24,'2022-09-01',8.900000000000000355,'A fated encounter in the history of the Joestars.',NULL,'2026-03-16 12:14:24','2026-03-16 12:14:24');
INSERT INTO episodes VALUES(177,6,'Bohemian Rhapsody (1)',25,'2022-12-01',8.699999999999999289,'A fated encounter in the history of the Joestars.',NULL,'2026-03-16 12:14:24','2026-03-16 12:14:24');
INSERT INTO episodes VALUES(178,6,'Bohemian Rhapsody (2)',26,'2022-12-01',8.400000000000000355,'A fated encounter in the history of the Joestars.',NULL,'2026-03-16 12:14:24','2026-03-16 12:14:24');
INSERT INTO episodes VALUES(179,6,'Sky High',27,'2022-12-01',7.5,'A fated encounter in the history of the Joestars.',NULL,'2026-03-16 12:14:24','2026-03-16 12:14:24');
INSERT INTO episodes VALUES(180,6,'Heaven Is at Hand: Three Days Until the New Moon',28,'2022-12-01',8.599999999999999645,'A fated encounter in the history of the Joestars.',NULL,'2026-03-16 12:14:24','2026-03-16 12:14:24');
INSERT INTO episodes VALUES(181,6,'Under World',29,'2022-12-01',8,'A fated encounter in the history of the Joestars.',NULL,'2026-03-16 12:14:24','2026-03-16 12:14:24');
INSERT INTO episodes VALUES(182,6,'Heavy Weather (1)',30,'2022-12-01',8.5,'A fated encounter in the history of the Joestars.',NULL,'2026-03-16 12:14:24','2026-03-16 12:14:24');
INSERT INTO episodes VALUES(183,6,'Heavy Weather (2)',31,'2022-12-01',9.40000000000000035,'A fated encounter in the history of the Joestars.',NULL,'2026-03-16 12:14:24','2026-03-16 12:14:24');
INSERT INTO episodes VALUES(184,6,'Heavy Weather (3)',32,'2022-12-01',8,'A fated encounter in the history of the Joestars.',NULL,'2026-03-16 12:14:24','2026-03-16 12:14:24');
INSERT INTO episodes VALUES(185,6,'Gravity of the New Moon',33,'2022-12-01',9.199999999999999289,'A fated encounter in the history of the Joestars.',NULL,'2026-03-16 12:14:24','2026-03-16 12:14:24');
INSERT INTO episodes VALUES(186,6,'C-Moon (1)',34,'2022-12-01',7.700000000000000177,'A fated encounter in the history of the Joestars.',NULL,'2026-03-16 12:14:24','2026-03-16 12:14:24');
INSERT INTO episodes VALUES(187,6,'C-Moon (2)',35,'2022-12-01',9.69999999999999928,'A fated encounter in the history of the Joestars.',NULL,'2026-03-16 12:14:24','2026-03-16 12:14:24');
INSERT INTO episodes VALUES(188,6,'Made in Heaven (1)',36,'2022-12-01',8.199999999999999289,'A fated encounter in the history of the Joestars.',NULL,'2026-03-16 12:14:24','2026-03-16 12:14:24');
INSERT INTO episodes VALUES(189,6,'Made in Heaven (2)',37,'2022-12-01',8,'A fated encounter in the history of the Joestars.',NULL,'2026-03-16 12:14:24','2026-03-16 12:14:24');
INSERT INTO episodes VALUES(190,6,'What a Wonderful World',38,'2022-12-01',8,'A fated encounter in the history of the Joestars.',NULL,'2026-03-16 12:14:24','2026-03-16 12:14:24');
INSERT INTO sqlite_sequence VALUES('migrations',8);
INSERT INTO sqlite_sequence VALUES('users',1);
INSERT INTO sqlite_sequence VALUES('seasons',6);
INSERT INTO sqlite_sequence VALUES('episodes',190);
CREATE UNIQUE INDEX "users_email_unique" on "users" ("email");
CREATE INDEX "sessions_user_id_index" on "sessions" ("user_id");
CREATE INDEX "sessions_last_activity_index" on "sessions" ("last_activity");
CREATE INDEX "cache_expiration_index" on "cache" ("expiration");
CREATE INDEX "cache_locks_expiration_index" on "cache_locks" ("expiration");
CREATE INDEX "jobs_queue_index" on "jobs" ("queue");
CREATE UNIQUE INDEX "failed_jobs_uuid_unique" on "failed_jobs" ("uuid");
CREATE INDEX "media_mediable_type_mediable_id_index" on "media" ("mediable_type", "mediable_id");
COMMIT;
